Bear Claws,Blue Mountain Flower,Rock Warbler Egg
Butterfly Wing,Chicken's Egg,Tundra Cotton
Nirnroot,Red Mountain Flower,Tundra Cotton
Bone Meal,Lavender
Blue Mountain Flower,Bone Meal,Butterfly Wing
Purple Mountain Flower,Thistle Branch
Blue Mountain Flower,Spider Egg
Red Mountain Flower,Skeever Tail
Lavender,Red Mountain Flower
Lavender,Tundra Cotton
Blue Butterfly Wing,Blue Mountain Flower
Blue Butterfly Wing,Spider Egg
Mora Tapinella,Red Mountain Flower,Tundra Cotton
Lavender,Purple Mountain Flower,Torchbug Thorax
Bone Meal,Spider Egg,Thistle Branch
Blue Mountain Flower,Butterfly Wing,Glowing Mushroom
Luna Moth Wing,Skeever Tail
Butterfly Wing,Luna Moth Wing
Salt Pile,Torchbug Thorax
Blue Butterfly Wing,Chicken's Egg,Tundra Cotton
Blue Mountain Flower,Glowing Mushroom
Red Mountain Flower,Tundra Cotton
Chicken's Egg,Lavender,Spider Egg
Blue Butterfly Wing,Lavender
Bone Meal,Lavender
Purple Mountain Flower,Thistle Branch
Bone Meal,Spider Egg
Bone Meal,Thistle Branch
Red Mountain Flower,Skeever Tail
Dwarven Oil,Jazbay Grapes,Red Mountain Flower
Luna Moth Wing,Red Mountain Flower,Vampire Dust
Deathbell,Honeycomb,Salt Pile
Dragon's Tongue,Slaughterfish Scales,Snowberries
Jazbay Grapes,Skeever Tail,Wheat
Honeycomb,Orange Dartwing,Tundra Cotton
Blue Mountain Flower,Wheat
Chicken's Egg,Deathbell,Void Salts
Fly Amanita,Glow Dust,Snowberries
Red Mountain Flower,Tundra Cotton,Vampire Dust
Honeycomb,Luna Moth Wing,Slaughterfish Scales
Dragon's Tongue,Red Mountain Flower,Tundra Cotton
Dragon's Tongue,Glowing Mushroom,Snowberries
Purple Mountain Flower,Snowberries,Wheat
Red Mountain Flower,Tundra Cotton
Glowing Mushroom,Wheat
Deathbell,Salt Pile
Dragon's Tongue,Purple Mountain Flower,Snowberries
Fly Amanita,Purple Mountain Flower,Snowberries
Chicken's Egg,Lavender
Lavender,Tundra Cotton
Luna Moth Wing,Skeever Tail
Purple Mountain Flower,Snowberries
Snowberries,Thistle Branch
Skeever Tail,Wheat
Lavender,Torchbug Thorax
Garlic,Mora Tapinella,Taproot
Cyrodilic Spadetail,Frost Mirriam,Silverside Perch
Imp Stool,Slaughterfish Egg,Troll Fat
Charred Skeever Hide,Creep Cluster,Vampire Dust
Glow Dust,Hanging Moss,Swamp Fungal Pod
Garlic,Nordic Barnacle,Slaughterfish Egg
Canis Root,Giant's Toe,Swamp Fungal Pod
Creep Cluster,Large Antlers,Salt Pile
Glowing Mushroom,Nightshade,Sabre Cat Tooth
Bleeding Crown,Chaurus Eggs,Hagraven Claw
Bear Claws,Sabre Cat Tooth,Slaughterfish Scales
Creep Cluster,Dragon's Tongue,Mora Tapinella
Nightshade,Nirnroot,Spider Egg
Blue Mountain Flower,Swamp Fungal Pod
Creep Cluster,Red Mountain Flower,Tundra Cotton
Blue Mountain Flower,Wheat
Blue Mountain Flower,Butterfly Wing,Glowing Mushroom
Namira's Rot,Spider Egg
Butterfly Wing,Namira's Rot,Nightshade
Garlic,Salt Pile
Blue Mountain Flower,Butterfly Wing
Bone Meal,Purple Mountain Flower,Snowberries
Honeycomb,Luna Moth Wing,Nirnroot
Garlic,Purple Mountain Flower,Thistle Branch
Purple Mountain Flower,Slaughterfish Egg,Slaughterfish Scales
Red Mountain Flower,Tundra Cotton
Deathbell,Salt Pile
Dragon's Tongue,Purple Mountain Flower,Snowberries
Blue Mountain Flower,Lavender
Lavender,Nirnroot
Luna Moth Wing,Skeever Tail
Purple Mountain Flower,Thistle Branch
Bear Claws,Glow Dust
Hanging Moss,Nightshade
Lavender,Red Mountain Flower
Salt Pile,Torchbug Thorax
Slaughterfish Egg,Torchbug Thorax
Chaurus Hunter Antennae,Dwarven Oil,Frost Salts
Falmer Ear,Small Antlers,Troll Fat
Butterfly Wing,Eye of Sabre Cat,Silverside Perch
Hanging Moss,Imp Stool,Wheat
Dragon's Tongue,Dwarven Oil,Red Mountain Flower
Chaurus Eggs,Deathbell,Nordic Barnacle
Frost Mirriam,Imp Stool,Orange Dartwing
Sabre Cat Tooth,Snowberries,Spriggan Sap
Blue Mountain Flower,Imp Stool
Dwarven Oil,Red Mountain Flower
Dragon's Tongue,Troll Fat
Chaurus Eggs,Nirnroot,Torchbug Thorax
Bleeding Crown,Slaughterfish Scales
Blue Butterfly Wing,Snowberries
Falmer Ear,Namira's Rot
Luna Moth Wing,Skeever Tail
Beehive Husk,Briar Heart,Ectoplasm
Canis Root,Elves Ear,Fire Salts
Beehive Husk,Canis Root,Hawk Feathers
Giant Lichen,Thistle Branch,White Cap
Blue Dartwing,Cyrodilic Spadetail,Rock Warbler Egg
Bee,Creep Cluster,Mora Tapinella
Creep Cluster,Giant Lichen,River Betty
Bleeding Crown,Giant's Toe,Juniper Berries
Blue Dartwing,Giant Lichen,Pine Thrush Egg
Fly Amanita,Giant Lichen,Hagraven Feathers
Blue Mountain Flower,Giant's Toe,Imp Stool
Creep Cluster,Ectoplasm,Glow Dust
Creep Cluster,Fly Amanita,Mora Tapinella
Creep Cluster,Ice Wraith Teeth,Vampire Dust
Ice Wraith Teeth,Red Mountain Flower,White Cap
Chaurus Hunter Antennae,Rock Warbler Egg,Taproot
Falmer Ear,Large Antlers,Pine Thrush Egg
Blue Mountain Flower,Imp Stool
Blue Mountain Flower,Swamp Fungal Pod
Blue Mountain Flower,Wheat
Creep Cluster,Ectoplasm
Creep Cluster,Giant Lichen
Creep Cluster,Mora Tapinella
Creep Cluster,Red Mountain Flower
Dwarven Oil,Red Mountain Flower
Red Mountain Flower,Vampire Dust
Vampire Dust,White Cap
Juniper Berries,Namira's Rot
Juniper Berries,Spider Egg
Chaurus Eggs,Hagraven Feathers,Sabre Cat Tooth
Bear Claws,Spriggan Sap
Bleeding Crown,Ice Wraith Teeth
Canis Root,Hanging Moss
Jazbay Grapes,Void Salts
Nordic Barnacle,Orange Dartwing
Honeycomb,Luna Moth Wing
Honeycomb,Skeever Tail
